word,title,type
"hume","Hume","person"
"marx","Marx","person"
"frege","Frege","person"
"husserl","Husserl","person"
"popper","Popper","person"
"chisholm","Chisholm","person"
"dummett","Dummett","person"
"putnam","Putnam","person"
"kripke","Kripke","person"
"nozick","Nozick","person"
"gauthier","Gauthier","person"
"schiffer","Schiffer","person"
"rawls","Rawls","person"
"thomson","Thomson","person"
"jackson","Jackson","person"
"mcdowell","McDowell","person"
"scanlon","Scanlon","person"
"brandom","Brandom","person"
"fodor","Fodor","person"
"millikan","Millikan","person"
"wright","Wright","person"
"derose","DeRose","person"
"korsgaard","Korsgaard","person"
"chalmers","Chalmers","person"
"langton","Langton","person"
"hawthorne","Hawthorne","person"
"nussbaum","Nussbaum","person"
"schaffer","Schaffer","person"
"stalnaker","Stalnaker","person"
"macfarlane","MacFarlane","person"
"haslanger","Haslanger","person"
"pritchard","Pritchard","person"
"fricker","Fricker","person"
"weatherson","Weatherson","person"
"wittgenstein","Wittgenstein","person"
"person","person","philosophy"
"statement","statement","philosophy"
"reference","reference","philosophy"
"description","description","philosophy"
"utilitarian","utilitarian","philosophy"
"analysis","analysis","philosophy"
"capitalist","capitalist","philosophy"
"individual","individual","philosophy"
"physical","physical","philosophy"
"conception","conception","philosophy"
"connectionist","connectionist","philosophy"
"supervenience","supervenience","philosophy"
"cause","cause","philosophy"
"causal","causal","philosophy"
"internalist","internalist","philosophy"
"externalist","externalist","philosophy"
"internalism","internalism","philosophy"
"externalism","externalism","philosophy"
"priori","priori","philosophy"
"zombie","zombie","philosophy"
"matter","matter","philosophy"
"contextualist","contextualist","philosophy"
"contextualism","contextualism","philosophy"
"intrinsic","intrinsic","philosophy"
"statue","statue","philosophy"
"vague","vague","philosophy"
"vagueness","vagueness","philosophy"
"knows","knows","philosophy"
"knowledge","knowledge","philosophy"
"intuition","intuition","philosophy"
"utterance","utterance","philosophy"
"utterances","utterances","philosophy"
"basic","basic","philosophy"
"normative","normative","philosophy"
"credence","credence","philosophy"
"credences","credences","philosophy"
"epistemic","epistemic","philosophy"
"evidence","evidence","philosophy"
"disagreement","disagreement","philosophy"
"ground","ground","philosophy"
"grounds","grounds","philosophy"
"grounding","grounding","philosophy"
"doxastic","doxastic","philosophy"
"reasons","reasons","philosophy"
"slur","slur","philosophy"
"men","men","style"
"his","his","style"
"himself","himself","style"
"shall","shall","style"
"which","which","style"
"upon","upon","style"
"would","would","style"
"quite","quite","style"
"really","really","style"
"argue","argue","style"
"account","account","style"
"accounts","accounts","style"
"robust","robust","style"
"challenge","challenge","style"
"problematic","problematic","style"
"response","response","style"
"target","target","style"
"worry","worry","style"
"why","why","style"
"take","take","style"
"her","her","style"
"she","she","style"